<?xml version="1.0" encoding="UTF-8"?>
    <addon id="repository.BlackEvilTV" name="Repositorio de BlackEvilTV" version="0.1.0" provider-name="BlackEvilTV">
        <requires>
            <import addon="xbmc.addon" version="12.0.0"/>
        </requires>
        <extension point="xbmc.addon.repository" name="Repositorio de BlackEvilTV">
            <info compressed="false">https://raw.githubusercontent.com/josetg01/BlackEvilTV/master/Repo_repo/addons.xml</info>
            <checksum>https://raw.githubusercontent.com/josetg01/BlackEvilTV/master/Repo_repo/addons.xml.md5</checksum>
            <datadir zip="true">https://raw.githubusercontent.com/josetg01/BlackEvilTV/master/Repo_repo/</datadir>
            <hashes>false</hashes>
        </extension>
        <extension point="xbmc.addon.metadata">
            <summary>Repositorio de BlackEvilTV</summary>
            <description>Repositorio de BlackEvilTV</description>
            <platform>all</platform>
    </extension>
</addon>