<?xml version="1.0" encoding="UTF-8" standalone="yes"?>
<addon id="repository.JoseTG01" name="[COLOR lime]REPOSITORIO DE JoseTG01[/COLOR] Repo" version="1.0.4" provider-name="JoseTG01">
    <extension point="xbmc.addon.repository" name="REPOSITORIO DE JoseTG01">
        <info>https://raw.githubusercontent.com/josetg01/Repo-Kodi/master/Repositorio/addons.xml</info>
        <checksum>https://raw.githubusercontent.com/josetg01/Repo-Kodi/master/Repositorio/addons.xml.md5</checksum>
        <datadir zip="true">https://raw.githubusercontent.com/josetg01/Repo-Kodi/master/Repositorio/</datadir>
    </extension>
    <extension point="xbmc.addon.metadata">
        <summary lang="es">REPOSITORIO DE JoseTG01YT para el, su familia y sus suscriptores.</summary>
		<summary lang="en">REPOSITORY OF JoseTG01YT for him, his family and his subscribers.</summary>
        <description lang="es"></description>
        <disclaimer></disclaimer>
        <platform>all</platform>
    </extension>
</addon>
