<?xml version="1.0" encoding="UTF-8" standalone="yes"?>
<addon id="plugin.program.BlackEvilTVClassic" name="Wizard BlackEvilTV Classic" version="1.0" provider-name="BlackEvilTV">
  <requires>
    <import addon="xbmc.python" version="2.1.0"/>
  </requires>
  <extension point="xbmc.python.pluginsource" library="default.py">
        <provides>executable</provides>
  </extension>
  <extension point="xbmc.addon.metadata">
    <summary lang="es">BlackEvilTV Wizard Estilo Clasico</summary>
    <description lang="es">Instalador del build de BlackEvilTV con estilo clasico basado en el Skin Aeon Nox
</description>
    <platform>all</platform>
  </extension>
</addon>
