<?xml version="1.0" encoding="UTF-8" standalone="yes"?>
<addon id="plugin.program.BlackEvilTVMinimalist" name="Wizard BlackEvilTV Minimalista" version="1.0" provider-name="BlackEvilTV">
  <requires>
    <import addon="xbmc.python" version="2.1.0"/>
  </requires>
  <extension point="xbmc.python.pluginsource" library="default.py">
        <provides>executable</provides>
  </extension>
  <extension point="xbmc.addon.metadata">
    <summary lang="es">BlackEvilTV Wizard Estilo Minimalista</summary>
    <description lang="es">Instalador del build de BlackEvilTV con estilo minimalista basado en el Skin Andromeda
</description>
    <platform>all</platform>
  </extension>
</addon>
