<?xml version="1.0" encoding="UTF-8" standalone="yes"?>
<addon id="plugin.video.WizardBlackEvil" 
	   name="BlackEvil" 
	   version="1.0.1" 
	   provider-name="BlackEvil"> 
  <requires>
    <import addon="xbmc.python" version="2.1.0"/>
  </requires>
  <extension point="xbmc.python.pluginsource" library="default.py">
        <provides>executable</provides>
  </extension>
  <extension point="xbmc.addon.metadata">
    <summary>Wizard</summary>
    <description>Instalador inteligente que ayuda a configurar tu Kodi correctamente</description> <!-- PEQUEÑA INTRO  -->
    <platform>all</platform>
  </extension>
</addon>
